fire,event_id,incid_name,year,ig_date,burnbndac,pre_id,post_id,dnbr_offst,low_t,mod_t,high_t,group,fold
august_complex_2020,CA3966012280920200817,AUGUST COMPLEX,2020,2020-08-17,1067970,804503220200715,804503220210718,37.0,110,309,550,0,0
dixie_2021,CA3987612137920210714,DIXIE,2021,2021-07-14,979722,804403220200708,804403220220714,-14.0,70,304,570,1,1
ranch_2018,CA3924012311020180727,RANCH,2018,2018-07-27,426721,804503320170723,804503320190814,-24.0,55,302,575,2,4
bootleg_2021,OR4261612142120210706,BOOTLEG,2021,2021-07-06,413425,804403020210625,804403020220714,-5.0,70,256,481,3,2
creek_2020,CA3720111927220200905,CREEK,2020,2020-09-05,381529,804203420200827,804203420210830,36.0,65,324,610,4,4
north_complex_2020,CA4009112093120200817,NORTH COMPLEX,2020,2020-08-17,316524,804403220200809,804403220210711,29.0,90,328,600,5,3
hennessey_2020,CA3850412233720200817,HENNESSEY,2020,2020-08-17,314015,804403320200708,804403320210711,61.0,90,296,540,6,3
carr_2018,CA4065012263020180723,CARR,2018,2018-07-23,233526,804503220180710,804503220190729,-16.0,50,259,500,7,2
caldor_2021,CA3858612053820210815,CALDOR,2021,2021-08-15,226739,804303320210805,804303320220723,-2.0,116,312,553,8,2
monument_2021,CA4075212333720210731,MONUMENT,2021,2021-07-31,225973,804503220210718,804503220220721,20.0,115,302,534,9,3
haypress_2021,CA4114212301620210731,HAYPRESS,2021,2021-07-31,204379,804503120200715,804503120220721,17.0,90,360,660,10,4
klondike_2018,OR4237012386020180716,KLONDIKE,2018,2018-07-16,178184,804603120180701,804603020190720,2.0,50,313,500,11,2
castle_2020,CA3616111845220200819,CASTLE,2020,2020-08-19,174347,804103520200804,804103520210807,52.0,90,310,630,12,1
holiday_farm_2020,OR4417212223120200908,HOLIDAY FARM,2020,2020-09-08,174243,804602920190720,804602920210725,-4.0,40,320,660,13,3
camp_2018,CA3982012144020181108,CAMP,2018,2018-11-08,153619,804403220180719,804403220190722,-3.0,60,301,570,5,3
antelope_2021,CA4150012192920210801,ANTELOPE,2021,2021-08-01,141890,804503120210718,804503120220721,6.0,85,315,580,14,4
riverside_2020,OR4504912206220200908,RIVERSIDE,2020,2020-09-08,138087,804602920190720,804602920210725,1.0,40,331,640,15,2
archie_creek_2020,OR4333412278820200908,ARCHIE CREEK,2020,2020-09-08,131781,804603020200722,804603020210725,9.0,40,355,685,16,1
dolan_2020,CA3612312160220200819,DOLAN,2020,2020-08-19,124343,804303520200428,804303520210501,-3.0,60,260,530,17,4
mcfarland_2021,CA4035012303620210730,MCFARLAND,2021,2021-07-30,121476,804503220210718,804503220220721,18.0,89,297,543,0,0
bobcat_2020,CA3424811795920200906,BOBCAT,2020,2020-09-06,115647,804103620200703,804103620210706,80.0,130,332,580,18,3
windy_2021,CA3604711863120210910,WINDY,2021,2021-09-10,97802,804203520210611,804203520220614,-3.0,35,313,610,19,0
ferguson_2018,CA3765211988120180713,FERGUSON,2018,2018-07-13,97379,804203420180705,804203420190708,-33.0,50,297,570,20,2
mccash_2021,CA4156412340420210801,MCCASH,2021,2021-08-01,95698,804503120210718,904603120220720,-14.0,70,302,565,21,4
knp_complex_2021,CA3658211879520210912,KNP COMPLEX,2021,2021-09-12,90072,804203520210611,804203520220614,-8.0,35,313,610,22,1
czu_aug_lightning_2020,CA3726212222320200816,CZU AUG LIGHTNING,2020,2020-08-16,85839,804403420200724,804403420210711,50.0,80,354,655,23,0
w_5_cold_springs_2020,CA4102912028120200818,W-5 COLD SPRINGS,2020,2020-08-18,84096,804303220200802,804303220210805,39.0,60,274,520,24,3
tamarack_2021,CA3862811985720210704,TAMARACK,2021,2021-07-04,70279,804303320200701,804303320220707,-16.0,59,293,556,25,2
glass_2020,CA3855412253120200927,GLASS,2020,2020-09-27,67971,804503320200715,804503320210718,37.0,65,316,595,26,0
delta_2018,CA4094312242720180905,DELTA,2018,2018-09-05,63688,804503220180710,804503220190729,-24.0,50,265,510,27,4
watson_creek_2018,OR4265012082720180815,WATSON CREEK,2018,2018-08-15,62165,804403020170817,804403020190807,-15.0,50,249,480,3,2
