method,fire,fold,iou_unburned,iou_low,iou_moderate,iou_high,miou,macro_f1,acc,n,cm
unet_bands_idx,august_complex_2020,0,0.6932451681477357,0.6802617283633152,0.685962254186994,0.8542814337399919,0.7284376461095092,0.8409235705829166,0.842881647012509,4800935,"[[575259, 222200, 413, 3], [31829, 1163987, 196760, 548], [100, 95551, 1091119, 107393], [2, 212, 99304, 1216255]]"
unet_bands_idx,mcfarland_2021,0,0.738927874676062,0.783269032767248,0.706983992815257,0.8283611313836131,0.7643855079105449,0.8656993308447098,0.8657220800178573,546553,"[[50754, 13272, 15, 0], [4630, 195511, 15785, 13], [15, 20388, 133825, 5553], [0, 10, 13709, 93073]]"
unet_bands_idx,windy_2021,0,0.6448082912979961,0.7610915225001268,0.7206104563312179,0.8269662086891942,0.7383691197046338,0.8478260887432537,0.8613523636686157,439719,"[[23393, 2643, 1, 0], [10240, 120015, 13183, 4], [2, 11598, 123994, 11196], [0, 5, 12094, 111351]]"
unet_bands_idx,czu_aug_lightning_2020,0,0.5493983618366639,0.7304466291100556,0.6349264430713448,0.8373468357121974,0.6880295674325654,0.8103956665939961,0.8409340085621803,383080,"[[20592, 14584, 10, 92], [2196, 99191, 16714, 162], [7, 2946, 76348, 20397], [0, 2, 3825, 126014]]"
unet_bands_idx,glass_2020,0,0.7288435140700069,0.6509985479095555,0.6571532143267641,0.7877768432856742,0.7061930298980001,0.826543082661772,0.821290855673889,304976,"[[42477, 4557, 67, 2], [11038, 69041, 14832, 85], [137, 6460, 74326, 12986], [2, 41, 4295, 64630]]"
unet_bands_idx,dixie_2021,1,0.7180864160561112,0.7121663347994832,0.6968604826805812,0.8187094133431223,0.7364556617198246,0.8473688026348404,0.846919174641389,4372984,"[[539545, 43536, 163, 22], [167880, 1104085, 130865, 334], [215, 103535, 1051844, 153697], [4, 84, 69085, 1008090]]"
unet_bands_idx,castle_2020,1,0.6272149873721042,0.6659814745745125,0.5829027385826145,0.6108714192545026,0.6217426549459335,0.7663367587806783,0.7692123219085207,783937,"[[92136, 26041, 134, 1], [28499, 237483, 40921, 417], [85, 23191, 175983, 57713], [1, 39, 3881, 97412]]"
unet_bands_idx,archie_creek_2020,1,0.5023759565539373,0.6854329456660003,0.5090179498094058,0.7806117429960278,0.6193596487563429,0.7583904492026474,0.7985928177037834,592958,"[[16281, 2832, 56, 1], [13220, 120702, 32570, 687], [18, 6055, 106427, 60929], [0, 30, 3028, 230122]]"
unet_bands_idx,knp_complex_2021,1,0.6280464670918321,0.7643418082389224,0.7376202504790129,0.7692115401582214,0.7248050164919972,0.8391300226466102,0.8506097031064939,402737,"[[34763, 5363, 2, 0], [15218, 144242, 14190, 9], [5, 9692, 111256, 11142], [0, 0, 4544, 52311]]"
unet_bands_idx,bootleg_2021,2,0.8436280397795061,0.6396547455802905,0.5743065078937385,0.5727993230600762,0.6575971540784028,0.7883487022378386,0.7876422289789661,1857568,"[[417196, 39193, 252, 0], [37088, 364316, 20974, 54], [777, 107367, 428416, 2543], [20, 559, 185642, 253171]]"
unet_bands_idx,carr_2018,2,0.5242041376090573,0.6330893051889438,0.5866246231387562,0.7226660220176608,0.6166460219886045,0.7604095714652468,0.7773120616188878,1034488,"[[35930, 7851, 96, 3], [24300, 222334, 23497, 202], [352, 72169, 279800, 10727], [10, 836, 90325, 266056]]"
unet_bands_idx,caldor_2021,2,0.6161732453284295,0.6523763518771972,0.6501380493992985,0.8223260111828065,0.685253414446933,0.810653155714523,0.8172013442724056,1018246,"[[118280, 69053, 110, 1], [4468, 243095, 27637, 24], [46, 28290, 209100, 7374], [1, 63, 49067, 261637]]"
unet_bands_idx,klondike_2018,2,0.6092923601211313,0.6499429296131896,0.5754449031377505,0.7237697577931678,0.6396124876663097,0.7788310426509246,0.7815632074386285,617103,"[[72231, 2579, 11, 0], [43681, 153744, 22593, 74], [42, 13761, 119738, 2448], [5, 118, 49486, 136592]]"
unet_bands_idx,riverside_2020,2,0.7310419539097892,0.7415849248890239,0.660078216553566,0.8985588951804055,0.7578159976331962,0.8595135382756417,0.8749484324266608,618121,"[[74230, 7044, 16, 0], [20239, 151356, 16000, 105], [11, 9336, 96881, 15361], [0, 18, 9167, 218357]]"
unet_bands_idx,ferguson_2018,2,0.5420124196296092,0.6447324706744243,0.6227032997376778,0.5770710377290865,0.5966298069426995,0.7465763640294254,0.7637389014471814,429110,"[[39452, 13389, 243, 0], [19400, 151369, 18009, 41], [301, 32340, 112756, 3310], [3, 230, 14116, 24151]]"
unet_bands_idx,tamarack_2021,2,0.7789871573003005,0.7545919792938132,0.751716847229279,0.6739581261895969,0.7398135275032475,0.8498471476750784,0.8572642365033653,314245,"[[51315, 3269, 1, 0], [11276, 102623, 6694, 2], [13, 12124, 91729, 1164], [0, 10, 10301, 23724]]"
unet_bands_idx,watson_creek_2018,2,0.6452897029015942,0.6300798940764034,0.5682169751984633,0.5203849872945198,0.5909928898677452,0.7416712150847319,0.7482080809020608,279449,"[[35338, 3152, 21, 0], [16144, 83754, 2937, 18], [106, 26675, 66853, 712], [2, 246, 20350, 23141]]"
unet_bands_idx,north_complex_2020,3,0.6282301344566911,0.748501321415526,0.6701735033784687,0.8965649733814566,0.7358674831580356,0.8439543077166068,0.8819122784955082,1423391,"[[54433, 12598, 33, 1], [19538, 278688, 39325, 159], [41, 21981, 275828, 54448], [1, 39, 19921, 646357]]"
unet_bands_idx,hennessey_2020,3,0.8248534272914121,0.7091193687334305,0.738710987308509,0.753377850793631,0.7565154085317457,0.8607238527738696,0.8628681367890886,1409089,"[[435436, 45734, 81, 0], [46379, 374203, 25528, 19], [260, 35768, 285613, 9765], [5, 70, 29622, 120606]]"
unet_bands_idx,monument_2021,3,0.665014701697809,0.7053630207582928,0.6574139400653172,0.7949453053783044,0.7056842419749307,0.8262748360473792,0.8249953772734963,1016716,"[[140225, 64393, 35, 0], [6148, 318221, 20223, 28], [57, 42085, 205929, 6000], [2, 47, 38912, 174411]]"
unet_bands_idx,holiday_farm_2020,3,0.7259868047453357,0.735357495089467,0.6961963256498056,0.8563195872356508,0.7534650531800647,0.8580582074280334,0.8650996554061761,780339,"[[70314, 7840, 68, 3], [18498, 177455, 14675, 133], [128, 22622, 180342, 27522], [2, 95, 13682, 246960]]"
unet_bands_idx,camp_2018,3,0.7571654137919198,0.6307405199101257,0.6147252092213512,0.6694510317488408,0.6680205436680594,0.7996917755041012,0.7997242184979934,688226,"[[176468, 18445, 368, 25], [37321, 187241, 26074, 366], [427, 27183, 129940, 15818], [10, 229, 11569, 56742]]"
unet_bands_idx,bobcat_2020,3,0.4926372833284797,0.6665695456654003,0.6351614495721495,0.5965359581275052,0.5977260591733836,0.7460467122842578,0.7695739250101867,520284,"[[38908, 37764, 248, 0], [2032, 173870, 38118, 229], [27, 8783, 138953, 25966], [0, 47, 6673, 48666]]"
unet_bands_idx,w_5_cold_springs_2020,3,0.635126315889035,0.7591980707345146,0.6025411951558467,0.45263383757107606,0.6123748548376181,0.7537859917739198,0.8220902156028975,374392,"[[67150, 5480, 1, 0], [33090, 193925, 3591, 0], [6, 19338, 42490, 78], [0, 10, 5014, 4219]]"
unet_bands_idx,ranch_2018,4,0.6752104055087987,0.6384095111629581,0.6285078948034593,0.7200042769204137,0.6655330220989074,0.7986295467581864,0.7914726970261056,1919974,"[[250630, 21111, 323, 15], [97722, 514424, 77993, 1723], [1352, 91882, 471731, 72468], [35, 935, 34808, 282822]]"
unet_bands_idx,creek_2020,4,0.623085013216458,0.7321263862105979,0.6668405691294593,0.745342819610851,0.6918486970418416,0.8168367533308326,0.8240128625713328,1709767,"[[155813, 22621, 58, 7], [71363, 586576, 79760, 482], [203, 40237, 412855, 65967], [2, 156, 20041, 253626]]"
unet_bands_idx,haypress_2021,4,0.7465363740239954,0.7081990846483192,0.527061133969041,0.7194546429267659,0.6753128088920304,0.8027969841948445,0.8023593009513198,857966,"[[125442, 11612, 21, 1], [30927, 244641, 49823, 358], [29, 8080, 141167, 67837], [0, 0, 881, 177147]]"
unet_bands_idx,antelope_2021,4,0.8578976953344576,0.7518375551038121,0.6728154809251152,0.8401002217181233,0.780662738270377,0.8748424123635387,0.8758935411252156,638331,"[[152620, 13899, 18, 3], [11347, 164581, 18059, 69], [13, 10932, 110808, 18525], [0, 18, 6338, 131101]]"
unet_bands_idx,dolan_2020,4,0.6469333055765177,0.5764036586357983,0.6242801479030494,0.8108319692548573,0.6646122703425557,0.7952829421507145,0.8020829778176155,556703,"[[49722, 3241, 27, 0], [23666, 99191, 4237, 31], [202, 41596, 138107, 6348], [0, 124, 30709, 159502]]"
unet_bands_idx,mccash_2021,4,0.7103786717662444,0.7382580229687667,0.6700369630908698,0.7771936185641769,0.7239668190975145,0.8392857649059282,0.8381205599519882,429894,"[[50520, 11965, 11, 0], [8567, 137567, 11113, 108], [54, 16988, 99337, 16300], [0, 32, 4453, 72879]]"
unet_bands_idx,delta_2018,4,0.4652077189714936,0.6548030995790836,0.5901186168073985,0.8382502310165492,0.6370949165936313,0.7701609643751012,0.8207577460266495,286534,"[[8992, 2395, 21, 2], [7822, 57715, 7138, 165], [96, 12707, 58705, 8988], [1, 199, 11825, 109763]]"
